Aaron: Aaron # bible
Abbacuc: Abbacuc # prophet
Abel: Abel # bible
Abiti: Abiti # Avitus?
Abiud: Abiud # Abioud
Abraham: Abraham # bible
Aprunculus: Aprunculo Aprunculus Aprunculi Abrunculus
Absalonem: Absalonem Absolonem # Absalon
Achaz: Achaz
Achim: Achim
Adam: Adam
Adovacrius: Adovario Adovacrius Adovarius Adovacrio Odovacrius # Adovaire
Adrianus: Adrianus Adriano # Adrien
Aegylanis: Aegylanis # Agilan
Aetherius: Aetherius Aetherium Aetherio # évêque
Aetius: Aetium Aetius Aeti Aetii Aetio # general
Agasastus: Agasastus # roi d'Athène
Agatadis: Agatadis Agatadi # Agatade
Agericus: Agericum Agericus Agerici Agerico Agiricus # Agéric, évêque
Agila: Agila
Agilane: Agilane Agilanem # rex
Aginus: Aginum # Aginus, dux
Agyno: Agyno # Agun
Agne: Agne Agni Agnis Agnitem Agnite # Agnès, abbesse
Agricius: Agricium # Agricius
Agricolae: Agricolae # Agricola
Agroecula: Agroecula Agroecola Agroeculae
Agroetius: Agroetius
Agustus: Agusti Agustus Augustum Augusto Augusti # August
Alaricus: Alaricum Alarici Alarico Alaricus # Alaric
Albinus: Albinus Albini Albinum
Alboenus: Alboeno Alboeni Alboenus
Albofledis: Albofledis
Alchima: Alchima
Alexandri: Alexandri # Alexandre
Alioquin: Alioquin
Alithium: Alithium
Amalaberga: Amalaberga
Amalaricum: Amalarici Amalaricum Amalarico Amalaricus
Ambrosium: Ambrosium Ambrosii Ambrosio
Amelius: Amelio Amalo Amelius
Amalonis: Amalonis
Aminadab: Aminadab
Amon: Amon
Ampsivariis: Ampsivariis
Anastasius: Anastasius Anastasio # Anastase
Anatholius: Anatholius # Anatolie
Andarchius: Andarchi Andarchius Andarci #
Andelao: Andelao
Andreae: Andreae
Aniani: Aniani
Anicium: Anicium
Animodi: Animodi
Aninsola: Aninsola
Annaniae: Annaniae Annaniam
Annianus: Annianus
Ansovaldus: Ansovaldus Ansovaldum Ansovaldo
Antechristus: Antechristus Antechristum
Antestius: Antestius Antestio
Antidio: Antidio
Antolianus: Antolianus
Antoninus: Antonini # Antonin
Antonius: Antonius Antonii # Antoine
Aunulfo: Aunulfo # Arnulphe
# Apocalipsim: Apocalipsim # Apocalypse
Apollonari: Apollonari Apollinare Apollonaris Apollonarem
Aptacharius: Aptacharius Aptacharium Aunacharius
Aram: Aram
Aravatius: Aravatio Aravatius
Arbogastis: Arbogastis
Archadium: Archadium Archadii Archadius Arcadi
Aredium: Aredium Aredii Aredius
Aregisilus: Aregisilus Aregisilum Aregisili
Aregundis: Aregundis Aregundem # Aregunde
Aridi: Aridi Aridio # Arédius
Armentium: Armentium Armentius # Armance
Armentarius: Armentarius # Armentaire
Arnegysilo: Arnegysilo # Arnégésile
Arphaxath: Arphaxath
Arriana: Arriana Arrianae
Arriano: Arriano Arriani Arrianorum
Arrius: Arrium Arrius Arrii
Artemius: Artemius Arthemio Artemium
Asterius: Asterius
Asa: Asa
Asclipius: Asclipius # Asclépius
Ascovindum: Ascovindum # Ascovinde
Ascyla: Ascylam # Aschila
Aser: Aser
Asteriolus: Asteriolus Asteriolum Asteriolo # Astériole
Athalocus: Athalocus
Athanagilde: Athanagilde Athanachilde
Athanagildus: Athanagildus Athanaeldo Athanaeldi # Athanaguilde
Athanaricus: Athanarici Athanarico Athanaricus
Attalus: Attalus Attalum Attali Attalo # Attale
Attila: Attila Attela Attilanem
Audica: Audica
Audini: Audini Audino
Axonam: Axonam
Audonem: Audonem
Audovaldus: Audovaldus
Audovera: Audovera Audoveo
Aunone: Aunone
Aurilio: Aurilio
Austadius: Austadius Ausanius
Austerchilde: Austerchilde
Austrapius: Austrapius Austrasiis Austrapio
Austrigilde: Austrigilde Austregildem Austrigildis
Austrighyselus: Austrighyselus Austrighyselum Austrighyselo
Austrinus: Austrinus
Austrovaldus: Austrovaldo Austrovaldus
Avalocium: Avalocium
Avonem: Avonem # Avon
Azor: Azor

Babillas: Babillas Bobillam
Baddo: Baddo Waddo
Baddonem: Baddonem Baddone Waddone Waddonis Waddonem Waldonem
Beregisilum: Beregisilum
Baudegysili: Baudegysili Badegyseli Badegisilum
Baudegyselus: Baudegyselus Badegysilus
Badericus: Badericus Baderico
Bodigysilo: Bodigysilo Badigysili
Ballomerem: Ballomerem
Belial: Belial
Basilius: Basilius Basilii Basilium
Basina: Basinae Basina Basinam
Baudinus: Baudinus
Begorra: Begorra
Belphegor: Belphegor
Belsephon: Belsephon
Belsonancum: Belsonancum Belsonanco
Belsuarius: Belsuarius Belsuarium
Beniamin: Beniamin Beneamen
Benigni: Benigni
Beorretanae: Beorretanae
Beppolenus: Beppolenus Bippolinus Pappolenus Beppolenum Byppolenus Beppolini Beppoleno
Beretrudis: Beretrudis
Bersabee: Bersabee
Berthchramnum: Berthchramnum Berthchramnus Berthramnus Berthechramnus Bertchramnus Bertchramnum Bertechramnus Berthechramni Berthchramno Berthramno Bertechramno
Bertecharii: Bertecharii
Berthefredus: Berthefledis Berthefredi Berthefredus Bertefredus Berthefredo Berthefredum
Bertegundis: Bertegundis Berthegundis
Berthacharium: Berthacharium Berthacharius
Berulfus: Berulfus Berulfo
Bladastis: Bladastis Bladasti # Bladaste
Boantum: Boantum Boanti
Booz: Booz Bobo
Bobo: Bobo Boboleni Boboleno # Bobon
Boso: Boso Bosonem Bosone Bosonis # Boson
Bobone: Bobone
Bodicus: Bodicus
Bodigysilus: Bodigysilus Bodygisilus
Brachione: Brachione Brachio?
Brictius: Brictium Brictii Brictio Brictius # Brice
Brunichilde: Brunichilde Brunechilde Brunichildem Brunechildis Brunichildes Brunichildis Brunechildem # Brunehaut
Buccelenum: Buccelenum Buccelenus # Buccelin
Bucciovaldus: Bucciovaldo Bucciovaldus # Buciovald
Buccus: Buccus
Burgolenus: Burgolenus Burgolini Burgulini # Burgolin/Bursolène
Bysinum: Bysinum

Catulus: Catulus # Catule
Caecros: Caecros Cencris # Cecrops
Caesar: Caesar Caesaris Caesarii Caesario
Cain: Cain
Cham: Cham # Cham
Calomniosi: Calomniosi # Calumniosus
Caluppa: Caluppa Caluppane
Ganthia: Ganthia Canthia
Capitulium: Capitulium Capitulio
Caprasius: Caprasi # Caprasius
Carietto: Carietto
Carpilionis: Carpilionis # Carpilion
Cartherio: Cartherio #?
Cassius: Cassius Cassii Cassium # Cassius
Cassiani: Cassiani
Castinus: Castinus # Castin
Cautinus: Cautino Cautinus Cautini Cautinum # Cautinus
Catianus: Catianus Catiani # Gatien
Cato: Cato Catonem Catone Catonis Catoni
Celsus: Celsum Celsi # Celse
Ceresium: Ceresium # Corèze
Chamavi: Chamavi
Chanaone: Chanaone Chanaan Chanao
Chararicus: Chararicus Chararici Chararicum
Charegyselus: Charegyselus
Chariberthus: Chariberthi Chariberthus Charibertho Charibertum Chariberthum # Charibert
Charimerem: Charimerem
Chariulfus: Chariulfo Chariulfus
Charivaldus: Charivaldus # Charivalde
Charteri: Charteri
Chedinus: Chedinus
Childeberthus: Childeberthus Childeberthi Childeberti Childebertum Childeberto Childeberthum Childebertus Childebertho Childiberthus # Childebert
Chilperico: Chilperico Chilpericum  Chilpericus Chilperici # Chilpéric
Chilpericum: Chulderici Childerico Chulderico Chlodericus Childericus Chlodericum Chuldericus Childericum # Childeric
Chlochilaichum: Chlochilaichum
Chlodomere: Chlodomere Chlodomeris Chlodomerem Chlodemeris
Chlodoberthum: Chlodoberthum Chlodoberthus
Chlodosinda: Chlodosuindam Chlodosinda Chlodosuinda
Chlodovaldus: Chlodovaldus Chlodovaldum # Clodoald
Chlodovechus: Chlodovechus Chlodovechi Chlodovechum Chlodovecho # Clovis
Chlogio: Chlogio Chlogionem # Chlogion
Chlotharius: Chlotharii Chlotharius Chlotchari Chlotharium Chlothari Chlothario Chlothachario Chlothacharius Chlothacharii Chlothacharium Chlothachari Chlotlhrii # Clothaire
Chlothiheldae: Chlothiheldae Chlotchildem Chrotchilde Chrodechilde Chrodigilde Chrodigildis Chrodichildis Chrodechildis Chrotchildis Chrodielde Chrodieldes Chrodieldis Chrodieldae Chrodieldem # Clotilde
Chlothosinda: Chlothosindam Chlothosinda Chlothsindam # Chlotsinde
Chonomorem: Chonomorem # Chronomor
Chonoober: Chonoober Chonoobro # Chonobre
Chramisindus: Chramisindo Chramisindi Chramisindus Chramnesindi Chramnesindus # Chramnisinde
Chramnum: Chramnum Chramno Chramni Chramnus # Chramne
Christus: Christus Christe Christum Christo Christiani Christi # Christ/chrétien
Cristoforus: Cristofori Cristoforus Christofori # Christophe
Chrocus: Chrocus Chroco # Chrocus
Chrodinus: Chrodini Chrodinus # Chrodin
Chundonem: Chundonem Chundonis # Chaudon
Chunsinam: Chunsinam # Chunsène
Chuppa: Chuppa Chuppanem Chuppani
Crona: Crona # Chrona
Cyrola: Cyrola Cirola
Ciucilonem: Ciucilonem # Gucilian
Claram: Claram # Claire
Claudius: Claudi Claudii Claudius Claudio Claudium # Claude
Clauso: Clauso Clausis
Clemens: Clemens Clementis
Clenni: Clenni
Cleuphe: Cleuphe
Colomna: Colomnam Colomna
Consolaribus: Consolaribus
Constans: Constantis Constantio Constans Constante Constantium # Constance
Constantinus: Constantinus Constantini Constantinis # Constantin
Cornilius: Cornilius
Cotiam: Cotiam Cothiam
Crispum: Crispum # Crispus
Crispini: Crispini # Crépin
Crispiniani: Crispiniani # Crépinien
Cyces: Cyces
Cymulum: Cymulum # Emule
Cyprianus: Cyprianus

Dacco: Dacco Dacconis
Dagarici: Dagarici # Dagaric
Dalmatius: Dalmatius Dalmatii Dalmatio
Damiani: Damiani # Damien
Dan: Dan
Dani: Dani # Danois
Danihel: Danihel # Daniel
Dagulfus: Dagulfus Daulfi # Dagulf
David: David Davitici # Davic
Decii: Decii Decio # Dèce
Decimius: Decimius # Décimus
Dehas: Dehas
Deus: Deo Deitas Deitate Deitatem Deitati Deitatis Deorum Deum
Deuteria: Deuteria Deoteriam Deoteriae Deoteria Deuteriam # Deutérie
Deotherius: Deotherius
Desiderius: Desiderius Desiderii Desiderium Desiderio # Didier
Dianae: Dianae Dianam # Diane
Didimia: Didimia # Didyme
Dinamium: Dinamium Dinamius Dinamio # Dynamius
Dinifius: Dinifi Dinifio Dinifius # Denis
Dionisius: Diocisis Dionisius Dionisi Dionisii # Denis
Diocliciani: Diocliciani Diocliciano # Dioclitien
Diogenianum: Diogenianum # Diogène
Disciola: Disciola # Dotiola
Duno: Duno Dodo
Dodonem: Dodonem
Domigysilus: Domigysilo Domighisilo Domigysilus Domegiselus # Domegésile
Dominus: Dominus Dominum Domini Domino # Seigneur
Dominicus: Dominicus Dominicam
Domicianus: Domicianus Domiciani Domitianus # Domitien
Domnolus: Domnolus Domnola Domnolae Domnolo
Dracolenus: Dracoleno Dracolenus Dracoleni Dracolenum
Droctegyselo: Droctegyselo Droctigysilus # Droctégésile
Droctulfus: Droctulfi Droctulfo Droctulfus Droctulfum # Droctulfe

Eberegiselum: Eberegiselum # Ebrégésile
Ebron: Eberonem # Eberon
Eberulfum: Eberulfo Eberulfum Eberulfi Eberulfus
Ebracharium: Ebracharium Ebracharius Ebrecharium
Ebregysilum: Ebregysilum Ebregysilus # Ebrégésile
Ecdicius: Ecdicius Ecdicium
Edobecco: Edobecco
Edom: Edom
Egidium: Egidium Egidius Egidio Egidi # Egidius
Eiecite: Eiecite
Elafius: Elafius Elafio
Eleazar: Eleazar # Eleazar
Eliachim: Eliachim # Eliachim
Eliuth: Eliuth
Emerium: Emerium
Emmanuhel: Emmanuhel # Emmanuel
Enacim: Enacim # Enacim
Ennodius: Ennodi Ennodius Ennodium
Enoch: Enoch Senoch # Enoch
Enos: Enos # Enos
Eufronius: Eufronio Eufronii Eufronius Eufroni Eofronio Eufron Eofronius
Eonius: Eunio Eonius Eunius Eunium
Eonomius: Eonomius Eunomii Eunomius Eunomio
Eoricus: Eoricus Euricus Eurichus Eutices
Eorops: Eorops
Epagatum: Epagati Epagatum
Eparchius: Eparchio Eparchius
Epyfanius: Epyfanius Epifanius Epyfanio Epifanio
Epiphania: Epiphania # Epiphanie
Epolon: Epolon
Eposium: Eposium
Eraclio: Eraclio
Ermeneghildo: Ermeneghildo
Erpone: Erpone Erponem
Esaias: Esaias Isaiae Isaiam
Esau: Esau Isac Isaac Isau
Esdrom: Esdrom # Esdron
Eseram: Eseram
Esichyus: Esichyus
Euantius: Euantius Euantium Euanti
Euarix: Euarix
Euchirium: Euchirium
Eufimiae: Eufimiae
Eufrasius: Eufrasius Eufrasio
Eugenius: Eugenius Eugenium Eugenio # Eugène
Eulalius: Eulalium Eulalio Eulalii Eulalius
Eusebius: Eusebius Eusebii Eusebium # Eusèbe
Eustasius: Eustasius
Eustochius: Eustochi Eustochius Eustochio
Eutropes: Eutropes
Euvarege: Euvarege
Euvodi: Euvodi
Eva: Evam Ewa Eva
Evaginatum : Evaginatum # ?
Experear: Experear
Ezechihel: Ezechihel Ezechiel Ezechie

Faileuba: Faileuba Faileubam
Falech: Falech
Faramodus: Faramodus
Faraonis: Faraonis Faraone
Faraulfus: Faraulfus
Farro: Farronem Farroni
Fausta: Faustam Fausti
Faustianus: Faustianus Faustianum
Ferreolus: Ferreolus Ferreoli Ferreolo
Felix: Filex Felice Felicem Felicis
Festus: Festus # Festina?
Filices: Filices Filici
Filius: Filius Fili Filia Filicem Filii Filio Filios Filium # le Fils
Firminus: Firminus Firminum Firmino # Firmin
Fistus: Fistus
Flavaris: Flavaris
Flavus: Flavus Flavum Flevi? # Flavus
Flavianus: Flavianus Flaviano Flavianum # Flavian
Florentianum: Florentianum
Francia: Francia Francorum Franciam
Francus: Francus Franciae Francos Francis Franci Francum Frantiae
Francilio: Francilio # Francille
Fredegundem: Fredegundem Fredegundae Fredegunde Fredegundis # Frédégonde
Friardus: Friardo Friardus # Friard
Frigiretus: Frigiretus Frigiredi
Fronimius: Fronimi Fronimius
Frontonius: Frontonius Frontonium

Gad: Gad # Gad
Gailenus: Gailenus Gailenum Gaileno
Gailesuinda: Gailesuinda Galsuintha Galsuintham # Galsuinthe
Gaiso: Gaiso # Gaïse
Galate: Galate # Vasso Galate: Mercure?
Galienus: Galienus Gallienus Galienum # Galien
Gallomagnum: Gallomagnum Gallomagnus # Gallomagnbe
Garacharius: Garacharius
Gararicus: Gararico Gararicus
Garivaldum: Garivaldum # Garivald
Gaudentius: Gaudentius # Gaudentius
Gazitina: Gazitina
Gelesimeris: Gelesimeris
Genobaude: Genobaude
Genuveifa: Genuveifa
Germania: Germanias Germaniam Germania Germaniae
Germanus: Germanus Germani Germano
Gervasi: Gervasi
Goare: Goare
Godegisilus: Godegisilus Godeghisilus Godigisilus Godeghisilum Godegiselum Godegiselus Godeghiselus Godigiselus
Godigiselo: Godigiselo Godigisili Godigisilo Godigyselo
Godinus: Godinus
Godomarum: Godomaro Godomarum Godomarus Godomari
Goisuintha: Goisuintha Goesintha
Gogo: Gogo Gogone
Goliam: Goliam Golian
Gracina: Gracina
Gratianus: Gratianus Gratiani Gratianum # Gratianus
Gregorius: Gregorius Gregorii Gregori GREGORII # Grégoire
Grindionem: Grindionem
Gripo: Gripo Gripone Griponem Griponis Griponi
Gundegisilum: Gundegisilum Gundigisilum Gundigisilus Gundegysilus Gundigysilus Gundegysilum
Gundegyselo: Gundegyselo
Gundericus: Gundericus Gunderico
Gundevechus: Gundevechus
Gundobadus: Gundobadus Gundobadi Gundobadum Gundobado
Gundovaldum: Gundovaldo Gundovaldi Gundovaldum Gundovaldus
Gundulfus: Gundulfus Gundulfum Gundulfo
Gunsuintham: Gunsuintham
Guntharius: Guntharius Guntharium
Gunthecharius: Gunthecharius
Guntheucam: Guntheucam
Gunthramnus: Gunthramnus Gunthchramnus Gunthchramnum Gunthramnum Guntchramnum Guntchramnus Gunthramno Guntchramni Gunthchramno Guntchramno Gunthramni Gunthchramni Cunthchramno

Helarius: Helarius Helarium Hylario Helarii Helari # Hilaire
Helenae: Helenae # Hélène
Helia: Heliae Helia
Helius: Helius
Heliseum: Helisei Heliseum # Elysée
Heraclius: Heraclius Heraclium Heraclio # Héracle
Hermenefredum: Hermenefrede Hermenefredum Hermenefredo Hermenifredi Herminefredus Hermenefredus
Herminichildum: Herminichildum Herminigildus Herminichildus
Herodem: Herodem Herodis Herodes Herodiano # Hérode
Hesdras: Hesdras # Hesdras
Hieroboam: Hieroboam # Jérobam
Hieronimus: Hieronimi Hieronimus Hieronimusquae # Jérôme
Hiezechihel: Hiezechihel # Ezéchiel
Hilarius: Hilarius Hilario Hilarii Hilari # Hilaire
Hillidio: Hillidio
Hirenaeum: Hirenaeum
Hireneus: Hireneus Hirineo
Honoricus: Honoricus Honericus
Honori: Honori
Honorianis: Honorianis
Horosius: Horosi Horosius # Orose
Hortinsi: Hortinsi # Hortensius
Hospicius: Hospicius # Hospice?
Hyppolitus: Hyppolitus # Hypolite

Iacob: Iacobi Iacob Iacobus Iacobo # Jacob
Iafeth: Iafeth Iareth
Iechonias: Iechonias
Iesus: Iesse Iesus Iesum Iesu
Ignatius: Ignatius
Ignarus: Ignarus
Illidius: Illidius Illidi # Hillide
Imnacharium: Imnacharium Imnacharius
Indis: Indis Inde Indica
Ingytrudis: Ingytrudis Inghitrudis Ingitrudis
Ingoberga: Ingoberga Ingobergae Ingobergam
Ingomerem: Ingomerem
Ingunde: Ingunde Ingundis Ingundae Ingundem
Ingutrudem: Ingutrudem
Inicite: Inicite
Iniuriosus: Iniuriosus Iniuriosi Iniurioso
Innocentius: Innocentio Innocentius
Inquesivimus: Inquesivimus
Intendetis: Intendetis
Interia: Interia
Ioatha: Ioatha
Iob: Iob
Iobab: Iobab # Iob
Ioram: Ioram
Iohannis: Iohanne Iohannis Iohannem Iohanni # Jean
Iohel: Iohel
Ionas: Ionas
Iordanis: Iordanis Iordanne # Jordanius
Iosaphath: Iosaphath
Iosias: Iosias # José
Ioseph: Ioseph # Joseph
Iosue: Iosue # Josué
Iovinianorum: Iovinianorum
Iovinus: Iovinus Iovinum Iovino Iovini
Ios: Iovis Iovis Iovium
Isachar: Isachar
Isychius: Isychius
Iuda: Iudas Iuda Iudeam Iudei Iudaeum Iudae Iudaei Iudaeis Iudaeo Iudaeorum Iudaeos Iudaeus Iudaicae
Iudith: Iudith
Iuli-Consorannis: Iuli-Consorannis
Iulius: Iulius Iulii Iulio
Iulias: Iulias Iuliam
Iulianus: Iulianus Iuliano Iuliani # Julien
Iustimniano: Iustimniano
Iustinus: Iustinus Iustini # imperator Iustiunus
Iustinum: Iustinum Iustina
Iustinianum: Iustinianum Iustinianus Iustiniano Iustiniani
Iustum: Iustum # Juste
Iuvencum: Iuvencum

Kyrie: Kyrie

Laba: Laba
Lamech: Lamech
Lampadius: Lampadius
Lantechildis: Lantechildis
Lapurdo: Lapurdo
Laticina: Laticina
Laurentium: Laurenti Laurentium Laurentius # Laurent
Lazarus: Lazarus Lazari Lazarum # Lazare
Legonus: Legonus Lyghnus
Leobovera: Leobovera Leuboveram
Leocadium: Leocadium
Leonardus: Leonardus # Léonard
Leonastis: Leonastis Leudastis
Leo: Leo Leonem Leontio Leontius
Leuva: Leuva Leuba Leubae
Leudaste: Leudaste Leubaste Leudastem Leunaste
Leuchadio: Leuchadio
Leudeghyselus: Leudeghyselus Leudeghyselum Leudeghiselus Leudeghysili Leudeghisili
Leudovaldus: Leudovaldo Leudovaldus Leudovaldum Leodovaldus # Leudovald
Leuvane: Leuvane Leuvanis # Liuva
Leuvichildus: Leuvichildus Leuvichildi Leuvichildum Leuvichildo Leuvichilde
Leuvigildus: Leuvigilde Leuvigildus Leuvigildi Leuvieldus Leuvieldo Leuvieldi # Liuvigild
Levi: Levi
Licerius: Licerius Litorius Liminius Licinius
Licinius: Licinio Licinius
Litorii: Litorii
Longinus: Longinus # Longin
Loth: Loth
Lupentius: Lupentius Lupenti
Lupus: Lupus Lupum Lupi Lupo # Lupus
Lytigius: Lytigius

Maccone: Maccone Macconem Macconi # Maccon, compte
Macliavum: Macliavi Macliavum Macliavus
Magdalum: Magdalum
Magus: Magna Magnae Magnam Magnas Magni Magno Magnum Magnus
Magnachari: Magnacharii Magnachari
Magnarii: Magnarii
Magnatrudis: Magnatrudis Marcatrudis
Magnericus: Magnericus Magnerici Magnerico
Magnovaldus: Magnovaldus Magnovaldi
Magnulfum: Magnulfi Magnulfo Magnulfum
Malalehel: Malalehel
Mallulfus: Mallulfus
Mamerto: Mamerto
Manicheum: Manicheum # Mani (dieu)
Mannases: Mannases # Mannases (Bible)
Maratis: Maratis
Maracharius: Maracharius
Marcatrudem: Marcatrudem
Marcus: Marcus Marcum Marco Marcio
Marcellus: Marcelli Marcellini
Marcialis: Marcialis
Marcionitana: Marcionitana # imperator
Marcomere: Marcomere Marcomere # Marcomer
Marcovefa: Marcovefa Marcoveifa Marcoveifam # Mircovèfe
Maria: Mariam Mariae Marie # Marie
Marileifum: Marileifi Marileifum Marileifo # Mariléïphe
Maroveus: Maroveus Maroveo Maroveum # Mérovée
# Mars: Mars Martias Martialis Martio # Mars
Martha: Martha
Martianus: Martianus Martinus Martino Martine Martini Martinum # Martin
Mathan: Mathan #
Mattusalam: Mattusalam # Mathusalem
Mauricius: Mauricius Mauricium Mauricio Mauritio # Maurice
Maurilione: Maurilione Maurilio # Maurille
Maxentius: Maxenti Maxentius # Maxence
Maximus: Maximus Maximi Maximum Maxime # Maximus
Maximinus: Maximinus # Maximin
Medardus: Medardi Medardum Medardus # Médard
Melanea: Melanea Melanio Melania # Mélanie
Melantium: Melantium Melantius Melantio # Mélantius
Merofledem: Merofledem Merofledis # Méroflède
Merovechum: Merovechum Merovechus Merovecho Merovechi # Mérové
Michahel: Michahel # Michel
Mirus: Mirus Miro Mironem Mironis # roi de Galice
Moabitibus: Moabitibus # Moabites
Modestus: Modestus # Modeste
Moyse: Moyse Moysi Moysen Moyses Moysaicas Moysaicae # Moïse
Mummolus: Mummolo Mummolini Mummolus Mummoli Mummolum # Mummole
Mundericus: Mundericus Munderico Munderici Mundericum # Munderic

Naason: Naason
Nabuchodonosor: Nabuchodonosor # Nabuchodonosor
Namatius: Namati Namatius Namatium Namatio # Namatius
Nanthinus: Nanthinus Nanthino # Nanthin
Nanninus: Nanneni Nanninus Nannenus Nanneno # Nanneus
Narsiti: Narsiti Narsitem Narsite Narsitis Narsis Narsitae # Narsès
Nathan: Nathan # Nathan
Nebroth: Nebroth # Nebroth
Necetius: Necetius Nicetius Nicetio Nicetii Niceti Nicetium # Nicet
Nectarius: Nectarius Nectarii Nectarium Nectari # Saint-Nectaire
Nepotianus: Nepotianus # Népotien
Neptalem: Neptalem # Neptalem (un des douze patriarches)
Nerone: Nerone Neronem # Néron
Nicasium: Nicasium Nicasio # Nicaise
Ninus: Ninus Nino Ninum # Ninus
Noe: Noe # Noé
Nonnichius: Nonnichius Nonnichium # évêque de Nantes
Novatianus: Novatianus # Novatien

Obeth: Obeth # Obeth (Bible)
Occila: Occila # Occyla
Octavianus: Octavianus # Octavien
Octavus: Octavus Octavum Octave
Ollone: Ollone # Ollon
Olofernis: Olofernis # Holopherne
Ommatius: Ommatius # Ommatius
Oppila: Oppila
Orbico: Orbico # Urbicus
Orestes: Orestes
Orhosius: Orhosius
Oriente: Oriente
Otto: Otto # Otton
Oxion: Oxion
Ozia: Ozia

Palladius: Palladius Palladi Palladium Palladio
Papianilla: Papianilla
Pappolum: Pappolo Pappolum Pappole
Partheni: Partheni Parthenium
Pascentius: Pascentius
Pascha: Pascha
Pathir: Pathir Pathiren
Patiens: Patiens
Patroclus: Patroclus
Paulelli: Paulelli
Paulinus: Paulinus
Paulus: Paulo Pauli Paulos Paulum Paulus # Paul
Pegasium: Pegasium
Pelagiana: Pelagiana Pelagius Pelagiam
Pelagius: Pelagius Pelagio Pelagium
Peonius: Peonius Peonio
Perdedemus: Perdedemus
Perpetuus: Perpetuus Perpetui
Petrus: Petreum Petros Petri Petrus Petrum Petro # Pierre
Pharao: Pharao Pharaone # Pharaon
Phario: Phario # Pharos
Phares: Phares # Pharès
Photinus: Photinus Photino
Pientius: Pientius Pientio
Pilati: Pilati Pylatus # Pilate
Placentiam: Placentiam
Placidina: Placidina
Policarpus: Policarpi Policarpus Policarpo
Polioctus: Polioctus
Porcarium: Porcarium
Potasne: Potasne
Potato: Potato
Prilidan: Prilidan
Privatus: Privatus Privato
Proculus: Proculus Proculum Proculi
Proina: Proina
Promotus: Promotus Promoto
Prosequenti: Prosequenti
Prosternamus: Prosternamus
Protasi: Protasi

Quintianus: Quinciani Quintianum Quintino Quintinus Quintianus Quintiani Quintiano # Quintien
Quirinus: Quirinus Quirino
Quiriacus: Quiriacus Quirici

Rachel: Rachel Raguel # Rachel
Radegundis: Radegundis Radigundi Radegundem Radegundae Radegunde # Radegonde
Ragnacharius: Ragnachari Ragnechario Ragnacharius
Ragnovaldus: Ragnovaldi Ragnovaldus Ragnovaldo
Ragnimodus: Ragnemodo Ragnimodi Ragnimodus Ragnemodus Ragnimodo
Ratharius: Ratharium Ratharius
Rauchingum: Rauchingi Rauchingum Rauchingo Rauchingus
Rebecca: Rebecca
Redemptur: Redemptur # Rédempteur
Regalis:
Remegius: Remegius Remigius Remegii
Renatus: Renatus Renati
Reovalis: Reovalis
Respendial: Respendial
Retenuisti: Retenuisti
Richaridus: Richaredi Richaridus Richaredum Richaredus Richaredo Richaridi # Richard
Richario: Richario
Richimeris: Richimeris
Riculfus: Riculfum Riculfus Riculfo
Rignomeris: Rignomeris # Renomer
Rigunthae: Rigunthae Rigunthis Rigunthe Rigundem Rigundae Rigundis # Rigonthe
Roboam: Roboam Roboae # Roboam
Roccolenus: Roccolenus
Romacharius: Romacharius
Romulfus: Romulfus Romulfum # Romulfus
Rubin: Rubin
Rusticus: Rusticus Rustici # Rustique

Sabaudus: Sabaudus # Sabaude
Sabellius: Sabellius # Sabellius
Sadoch: Sadoch Saruch # Sadoch
Saffarium: Saffarium Saffaracum # Saffaracus
Saffario: Saffario # Saffarius
Saffirae: Saffirae # Sapphire
Sagittarius: Sagittarius Sagittarium Sagittario Sagittarii Sagittari
Salathiel: Salathiel # Salathiel
Sale: Sale # Salé
Salomon: Salamonis Salamonem Salomonem Salamones Salamon Salomonis Salamone Salomon Salamoneacae
Salma: Salma # Salma
Salonium: Salonium Salonius Saloni Salunio # Salone
Salustius: Salustii Salustius Salustium # Saluste
Salvius: Salvius Salvio Salvii Salvae Saius # Sauve
Samson: Samson Samsonis # Samson
Samuhel: Samuhel Samuelem # Samuel
Satanas: Satanas # Satan
Saturnus: Saturnus Saturninum Saturninus Saturnini # Saturnin
Saul: Saul # Saül
Scaptharius: Scaptharius Scaptharium # Scaphtaire
Scarioticas: Scarioticas # Iscariote
# Scriptura: Scriptura # Les Ecritures
Secundini: Secundini # Secondin
Sergius: Sergii Sergi # Serge
Sidulium: Sidulium Sedulium # Sédule
Sigila: Sigila # Sigila
Sem: Sem # Sem
Semoes: Semoes
Senachar: Senachar # Sennaar
Servius: Servius # Servius
Seth: Seth # Seth
Severus: Severus Severo # Suplice Sévère
Siacrius: Siacrius Syagrius Sigarius Siagrius Siacrium Syacrius Syagrium # Syagrius
Siagri: Siagri Siagrio # général
Sicharius: Sichario Sicharius Sichari Sicharium # Sichaire
Sidonium: Sidonio Simonis Sidonium Sidonii Sidoni Simoni Sidonius
Sigamber: Sigamber # Sicambre
Siggo: Siggo # Siggo
Sygiberthus: Sygiberthus Sigiberthus Sigyberthum Syghiberthus Sygibertus Sygiberthum Sigibertum Sigyberthus Syghiberthi Sigyberthi Sygibertho Sigiberthi Sigybertho Syghiberti Sygiberthi Sigiberti Sigibertho # Sigebert
Sigimundus: Sigimundo Sigymundo Sigimundus Sigimundum Sigymundum # Sigmund
Sigiricum: Sigiricum # Sigeric
Sigivaldus: Sigivaldus Sigivaldo Sigivaldum Sigyvaldus Sigivaldi # Sigevald
Sigulfus: Sigulfus Sigulfum Sigulfo # Sigulf
Silvestrum: Silvestrum Silvestri # Sylvestre
Silvius: Silvius # Silvius
Simon: Symeoni Symon Simonem Simion Simeone Simon Semeon # Simon
Simphoriani: Simphoriani Symphoriani # Symphorien
Sirivuldum: Sirivuldi Sirivuldo Sirivuldum # Siribald
Sisinnius: Sisinnio Sisinnius # 87ème pape
Socratium: Socratium # Socrate
Sollius: Sollius # Sollius
Sophia: Sophia Sophiam Sophiae # Sophia
Spiritus: Spiritus Spiritum Spiritui Spiritu # le Saint-Esprit
Stephanus: Stefanum Stefani Stefanus Stephani # Etienne/Stéphane
Stremoneus: Stremoneus Stremonius Stremonium # Strémon
Sulpicius: Sulpicius Sulpici Sulpicio Sulpitius # Sulpice
Sunnigysilus: Sunnigysilus Sunnegisilus Sunnegysilum # Sumnégisile
Sunniulfus: Sunniulfo Sunniulfus # Sunniulphe
Sunnone: Sunnone Sunnonem # Sunnon
Susanna: Susanna # Suzanne
Syrus: Sirus Syrus # Syrus

Tattonis: Tattonis # Tatton
Terentiolus: Terentiolus # Terentiolus
Tetradius: Tetradiam Tetradius Tetradiae Tetradia # Tétradia
Tetricus: Tetricus Tetrico Tetrici # Tétrique
Teutarius: Teutarius Theutharius Theutharium # Teuthaire
Thare: Thare # Thare
Thau: Thau # Thau
Thebei: Thebei # Thèbes
Thecla: Thecla # Thécla
Theodadum: Theuda Theodadum # Théodat
Theodoberthum: Theodoberthum Theudoberthum Theudoberto Theudoberthus Theodoberto Theodoberthus Theodeberthum Theodobertum Theodoberthi Theodobertho Theudobertho Theudobertus Theudoberthi Theudobertum # Théodobert
Theodosius: Theodosius Theodosio Theodosianae Theodosii Theodosio # Théodose
Theodovaldum: Theodovaldum Theodobaldum Theodovaldus Theodovaldi Theudovaldo Theudoaldus # Théovald
Theodogildis: Theodogildis Theudogildem # Teutéchilde
Theudori: Theudori Theodor Theudor Theudosi Theudoro Theodoro Theodorum Theodorus # Théodore
Theodoricus: Theodoricus Theodoricum Theudorico Theudoricus Theudoricum Theudericum Theuderici Theodorici Theudorici Theudericus # Théodoric
Thessalonicenses: Thessalonicenses # Thessalonique
Theudegisilum: Theudegisilum # Theudégisile
Theudomerem: Theudomerem # Théodomer
Theudulfus: Theudulfus Theudulfi Theodulfum # Théodulf
Thorismodus: Thorismodus Thorismodo # Thorismund
Tiberius: Tiberium Tiberius Tiberii Tiberis # Tibérius
Traguilanem: Traguilanem # Traguilan
Traianus: Traiano Traianus Traiani # Trajan
Tranquilla: Tranquilla # Tranquille (femme)
Transobadus: Transobadus # Transobade
Trasamundus: Trasamundo Trasamundus # Thrasamund
Tropas: Tropas # roi Tropas
Trinitatem: Trinitatem Trinitate # Trinité
Trophimus: Trophimus # Trophime
Trudulfus: Trudulfus # Trudulf

Ultrogotho: Ultrogotho Vulthrogotham # Ultrogoth
Urban: Urban Urbano # Urbain
Urbecus: Urbecus Urbicus
Ursicinus: Ursicinus Ursicinum # Ursicin
Ursus: Ursio Ursi Urso Ursum # Ursus
Ursionis: Ursionis Ursione # Ursion

Vafres: Vafres # Vafrès, roi d'Egypte
Valdenus: Valdenus # Valdin
Valens: Valens Valentis # Valens
Valentiniani: Valentiniani Valentiniano Valentinianum Valentinianus Valentiniana Valentinianum # Valentinien
Valerianus: Valerianus # Valérian
Warocus: Waroci Warocus Varocum Warocum Warochus Waroco Warocho Varochus
Vectium: Vectium Vecti # Vettius
Venantius: Venanti Venantius # Venant
Venerandus: Venerandus Venerandum Venerandi Venerandam # Venerande
Winnocus: Winnocus Vennocus # Winnoch
Vincenti: Vincenti Vincentio # Vincent
Victorinus: Victorinus Victorinum # Victorien
Victorius: Victorius Victorium Victurius Victuri Victuris Victore Victorio Victoris Victuris# Victor
Vidimacle: Vidimacle # Widimael
Vindimialem: Vindimialem Vindimialis Vindimia # Vindémiale
Vinthrione: Vinthrione # Wintrion#
Virgilius: Virgilii Virgilius # Virgile
Visigardem: Visigardem Wisigardem # Wisigarde
Vispasiano: Vispasiano # Vespasien
Volusianus: Volusianus Volosiani # Volusien
Vuldotradam: Vuldotradam Vuldetradam # Vultrade
Vulfelaici: Vulfelaici Vulfilaico # Vulfilaïc

Wandelenus: Wandelenus # Vandelin
Warmarium: Warmarium # Warinaire
Werpinum: Werpino Werpinum # Guerpin
Wiliacharius: Willachario Wiliachario Wiliacharius Wiliacharium Wiliacharii # Wiliachaire
Wiliulfum: Wiliulfum Wiliulfi # Villulf
Winnoco: Winnoco # Winnoc
Wintrio: Wintrio # Wintrion
Wistrimundi: Wistrimundi # Wistrimond

Xystus: Xystus # Xystus

Zabanis: Zabanis Zabanem Zaban Zaba # Zaban
Zabulon: Zabulon # Zabulon
Zara: Zara # Zara
Zoroastren: Zoroastren # Zoroastre
Zorobabil: Zorobabil # Zorobabel
